<?xml version='1.0' encoding='UTF-8'?>
<!DOCTYPE hibernate-configuration PUBLIC
          "-//Hibernate/Hibernate Configuration DTD 3.0//EN"
          "http://hibernate.sourceforge.net/hibernate-configuration-3.0.dtd">
  <!-- connecting to oracle database -->      
<hibernate-configuration>
  <session-factory>
   <property name="hibernate.dialect">org.hibernate.dialect.PostgreSQLDialect</property>
   <property name="hibernate.connection.driver_class">org.postgresql.Driver</property>
   <property name="hibernate.connection.url">jdbc:postgresql://localhost:5432/postgres</property>
   <property name="hibernate.connection.username">postgres</property>
   <property name="hibernate.connection.password">postgress123</property>
   <property name="hibernate.show_sql">true</property>
   <property name="hibernate.hbm2ddl.auto">update</property>
   <mapping class="library.beans.Book"/>
   <mapping class="library.beans.Author"/>
   </session-factory>
</hibernate-configuration>

